{
	"agcgw":{
		"backurl":"connect-drcn.hispace.hicloud.com",
		"url":"connect-drcn.dbankcloud.cn",
		"websocketbackurl":"connect-ws-drcn.hispace.dbankcloud.com",
		"websocketurl":"connect-ws-drcn.hispace.dbankcloud.cn"
	},
	"agcgw_all":{
		"CN":"connect-drcn.dbankcloud.cn",
		"CN_back":"connect-drcn.hispace.hicloud.com",
		"DE":"connect-dre.dbankcloud.cn",
		"DE_back":"connect-dre.hispace.hicloud.com",
		"RU":"connect-drru.dbankcloud.cn",
		"RU_back":"connect-drru.hispace.hicloud.com",
		"SG":"connect-dra.dbankcloud.cn",
		"SG_back":"connect-dra.hispace.hicloud.com"
	},
	"client":{
		"cp_id":"700086000300143276",
		"product_id":"736430079245952514",
		"client_id":"697777777507583040",
		"client_secret":"277C9B16AA46B824CC36D5C301C8957614F1122DB214613E748881A02ECD51C6",
		"project_id":"736430079245952514",
		"app_id":"104649629",
		"api_key":"CwEAAAAAz/19D326Z8XjZna6LCneTem/MuFwV3lASboN4ggD02wvd9aZyk6HGLWrXYKVOc9ipza/ABGZ6n3cKwbpxUPmFrcfS98=",
		"package_name":"com.xunda.mo"
	},
	"oauth_client":{
		"client_id":"104649629",
		"client_type":1
	},
	"app_info":{
		"app_id":"104649629",
		"package_name":"com.xunda.mo"
	},
	"service":{
		"analytics":{
			"collector_url":"datacollector-drcn.dt.hicloud.com,datacollector-drcn.dt.dbankcloud.cn",
			"collector_url_ru":"datacollector-drru.dt.hicloud.com,datacollector-drru.dt.dbankcloud.cn",
			"collector_url_sg":"datacollector-dra.dt.hicloud.com,datacollector-dra.dt.dbankcloud.cn",
			"collector_url_de":"datacollector-dre.dt.hicloud.com,datacollector-dre.dt.dbankcloud.cn",
			"collector_url_cn":"datacollector-drcn.dt.hicloud.com,datacollector-drcn.dt.dbankcloud.cn",
			"resource_id":"p1",
			"channel_id":""
		},
		"search":{
			"url":"https://search-drcn.cloud.huawei.com"
		},
		"cloudstorage":{
			"storage_url":"https://agc-storage-drcn.platform.dbankcloud.cn"
		},
		"ml":{
			"mlservice_url":"ml-api-drcn.ai.dbankcloud.com,ml-api-drcn.ai.dbankcloud.cn"
		}
	},
	"region":"CN",
	"configuration_version":"3.0",
	"appInfos":[
		{
			"package_name":"com.xunda.mo",
			"client":{
				"app_id":"104649629"
			},
			"app_info":{
				"package_name":"com.xunda.mo",
				"app_id":"104649629"
			},
			"oauth_client":{
				"client_type":1,
				"client_id":"104649629"
			}
		}
	]
}